Time,Time Code,Country Name,Country Code,Population ages 0-14 (% of total) [SP.POP.0014.TO.ZS],Population ages 15-64 (% of total) [SP.POP.1564.TO.ZS],Population ages 65 and above (% of total) [SP.POP.65UP.TO.ZS],Population growth (annual %) [SP.POP.GROW],Population total [SP.POP.TOTL],Unemployment total (% of total labor force) (modeled ILO estimate) [SL.UEM.TOTL.ZS],Unemployment male (% of male labor force) (modeled ILO estimate) [SL.UEM.TOTL.MA.ZS],Unemployment female (% of female labor force) (modeled ILO estimate) [SL.UEM.TOTL.FE.ZS],Urban population (% of total) [SP.URB.TOTL.IN.ZS]
2013,YR2013,Afghanistan,AFG,45.6852570683615,51.9203291778701,2.39441375376844,3.16433627387256,30682500,8,7.09999990463257,12.1999998092651,25.871
2013,YR2013,Albania,ALB,19.3822939907695,68.8480241780111,11.7696818312194,-0.10772950693099,2897366,16,17.6000003814697,13.8000001907349,55.383
2013,YR2013,Algeria,DZA,27.8895861023903,66.4007551431953,5.7096587544144,1.97481446070098,38186135,9.80000019073486,8.39999961853027,16.7999992370605,69.51
2013,YR2013,American Samoa,ASM,..,..,..,0.135711010704751,55302,..,..,..,87.334
2013,YR2013,Andorra,ADO,..,..,..,-4.39968392210089,75902,..,..,..,86.165
2013,YR2013,Angola,AGO,48.0125768278523,49.6733395592549,2.31408361289279,3.30620456316035,23448202,6.80000019073486,6.5,7.19999980926514,42.49
2013,YR2013,Antigua and Barbuda,ATG,24.9508251375229,67.9246541090182,7.12452075345891,1.02316395171461,89985,..,..,..,24.643
2013,YR2013,Argentina,ARG,25.4657425928406,63.8344255567876,10.6998318503718,1.04706505456002,42538304,7.5,6.5,9,91.452
2013,YR2013,Armenia,ARM,19.013084721836,70.5461414240798,10.4407738540842,0.464046660476912,2992192,16.2000007629395,15.1999998092651,17.5,62.975
2013,YR2013,Aruba,ABW,19.3944870337443,69.2735204671544,11.3319924991012,0.514335275703456,102921,..,..,..,42.058
2013,YR2013,Australia,AUS,18.7832946183069,66.8385483487331,14.37815703296,1.73429976973791,23125868,5.69999980926514,5.69999980926514,5.59999990463257,89.153
2013,YR2013,Austria,AUT,14.3555844835879,67.2202726959305,18.4241428204816,0.584103985990017,8479375,4.90000009536743,4.90000009536743,4.90000009536743,65.884
2013,YR2013,Azerbaijan,AZE,22.079935595656,72.280893827173,5.63917057717108,1.29344702700591,9416801,5.5,4.40000009536743,6.59999990463257,54.1
2013,YR2013,"Bahamas, The",BHS,21.3920670334876,70.9205724100878,7.68736055642453,1.4537150739224,377841,13.6000003814697,13.1999998092651,14,82.732
2013,YR2013,Bahrain,BHR,20.8511464495671,76.8519527177091,2.29690083272382,1.18152521488202,1349427,7.40000009536743,4.90000009536743,17.7000007629395,88.667
2013,YR2013,Bangladesh,BGD,30.4978701797511,64.5882114843416,4.91391833590726,1.21635117232582,157157394,4.30000019073486,3.90000009536743,5,32.753
2013,YR2013,Barbados,BRB,19.5056335684931,67.1168093790154,13.3775570524915,0.327257096475469,282503,12.1999998092651,10.1999998092651,14.5,31.652
2013,YR2013,Belarus,BLR,15.4368496963451,70.561004008089,14.0021462955659,0.0211304807970502,9466000,5.80000019073486,7.30000019073486,4.30000019073486,75.877
2013,YR2013,Belgium,BEL,16.852196183275,65.3976796810794,17.7501241356456,0.489184301296706,11182817,8.39999961853027,8.60000038146973,8.10000038146973,97.776
2013,YR2013,Belize,BLZ,33.7220687230711,62.5189937041137,3.75893757281525,2.19894305855656,344193,14.6000003814697,10.8000001907349,21,44.298
2013,YR2013,Benin,BEN,42.7550456141656,54.3541551865914,2.89079919924296,2.6748077964742,10322232,1,1.10000002384186,1,43.086
2013,YR2013,Bermuda,BMU,..,..,..,0.313281274113408,65001,..,..,..,100
2013,YR2013,Bhutan,BTN,28.0957599481605,67.0674774759255,4.83676257591398,1.45843204180211,754637,2.09999990463257,1.89999997615814,2.5,37.139
2013,YR2013,Bolivia,BOL,33.3533655175212,60.4142277482418,6.232406734237,1.56184576448768,10399931,2.59999990463257,2.09999990463257,3.20000004768372,67.696
2013,YR2013,Bosnia and Herzegovina,BIH,13.9480161410925,71.5518605436386,14.5001233152689,-0.127705993556694,3823533,28.3999996185303,26.7999992370605,30.8999996185303,39.486
2013,YR2013,Botswana,BWA,32.3880432435413,64.1159930347207,3.49596372173803,2.02766910642899,2176510,18.3999996185303,15.6000003814697,21.6000003814697,56.938
2013,YR2013,Brazil,BRA,23.9795776915544,68.691447149572,7.32897515887361,0.913687864138812,204259377,5.90000009536743,4.5,7.80000019073486,85.171
2013,YR2013,Brunei Darussalam,BRN,23.9128163130409,72.1287293529267,3.95845433403241,1.46561237679693,411499,3.79999995231628,3.59999990463257,4.09999990463257,76.561
2013,YR2013,Bulgaria,BGR,13.8662473928096,66.7650873714709,19.3686652357195,-0.559647217410859,7265115,12.8999996185303,13.8000001907349,11.8999996185303,73.3
2013,YR2013,Burkina Faso,BFA,45.9912561955085,51.5812294543949,2.42751435009659,2.93256720296721,17084554,3.09999990463257,3.90000009536743,2.20000004768372,28.186
2013,YR2013,Burundi,BDI,44.4829470476619,53.0322639330041,2.48478901933401,3.31626500011767,10465959,6.90000009536743,6.40000009536743,7.40000009536743,11.472
2013,YR2013,Cabo Verde,CPV,30.3845380457282,64.6925233313225,4.92293862294927,1.2673163521566,507258,7,6.69999980926514,7.30000019073486,64.127
2013,YR2013,Cambodia,KHM,32.1023739395873,63.9668207131661,3.93080534724659,1.64699313490434,15078564,0.300000011920929,0.300000011920929,0.300000011920929,20.319
2013,YR2013,Cameroon,CMR,42.9619408544333,53.8083412640291,3.2297178815376,2.51515321517122,22211166,4,3.70000004768372,4.40000009536743,53.25
2013,YR2013,Canada,CAN,16.1408947423337,68.6122880862813,15.2468171713849,1.1557184377351,35158304,7.09999990463257,7.5,6.59999990463257,81.472
2013,YR2013,Cayman Islands,CYM,..,..,..,1.46174436576276,58369,..,..,..,100
2013,YR2013,Central African Republic,CAF,39.6950078099161,56.420965304782,3.88402688530186,1.95453725845801,4710678,7.59999990463257,7,8.30000019073486,39.5
2013,YR2013,Chad,TCD,48.2183494819786,49.297584899437,2.48406561858444,3.32824339483835,13145788,7,6.69999980926514,7.5,22.227
2013,YR2013,Channel Islands,CHI,14.9206231728528,68.4546497428117,16.6247270843356,0.49586776268242,162138,..,..,..,31.271
2013,YR2013,Chile,CHL,20.7949802436106,68.7848137837905,10.4202059725989,1.07193883582197,17575833,6,5.30000019073486,7,89.175
2013,YR2013,China,CHN,17.1543019300216,73.9564105552921,8.88928751468627,0.49370963351136,1357380000,4.59999990463257,5.19999980926514,3.79999995231628,53.168
2013,YR2013,Colombia,COL,25.0985929874265,68.3965563780583,6.50485063451522,0.97926582949045,47342363,10.5,8.10000038146973,13.8000001907349,75.883
2013,YR2013,Comoros,COM,40.664922169438,56.5343482812889,2.80072954927318,2.42862481550242,751697,6.5,6.40000009536743,7,28.104
2013,YR2013,"Congo, Dem. Rep.",ZAR,46.2960530253934,50.7480676744092,2.95587930019741,3.16693693147678,72552861,8,7.19999980926514,8.89999961853027,41.461
2013,YR2013,"Congo, Rep.",COG,42.5445812721564,53.8182805403504,3.63713818749326,2.49182239864314,4394334,6.5,6.30000019073486,6.80000019073486,64.531
2013,YR2013,Costa Rica,CRI,23.1578139962898,68.5493238722404,8.29286213146985,1.11714312961325,4706433,7.59999990463257,6,10.3999996185303,74.956
2013,YR2013,Cote d'Ivoire,CIV,42.9750042663912,53.989831883377,3.03516385023187,2.4335778191008,21622490,4,4.19999980926514,3.59999990463257,52.766
2013,YR2013,Croatia,HRV,15.1580347592425,66.5787895906283,18.2631756501292,-0.278250585649763,4255700,17.7000007629395,18.3999996185303,16.7999992370605,58.359
2013,YR2013,Cuba,CUB,16.8083974440495,69.8852057710866,13.3063967848639,0.1750617576181,11362505,3.20000004768372,2.90000009536743,3.90000009536743,76.872
2013,YR2013,Curacao,CUW,19.10903152219,66.7843996267109,14.1065688510991,1.13302880236381,153821,..,..,..,89.537
2013,YR2013,Cyprus,CYP,16.9732983431028,70.7406460112188,12.2860556456784,1.08757079913875,1141652,15.8000001907349,16.5,14.8999996185303,67.133
2013,YR2013,Czech Republic,CZE,14.6740628112164,68.3479884999157,16.9779486888679,0.0331699460503076,10514272,6.90000009536743,5.90000009536743,8.19999980926514,73.06
2013,YR2013,Denmark,DNK,17.3153496803954,64.7100355546911,17.9746147649136,0.416901360752097,5614932,7,6.69999980926514,7.30000019073486,87.324
2013,YR2013,Djibouti,DJI,33.2490509557529,62.7311885665904,4.01976047765669,1.33733318312804,864554,..,..,..,77.186
2013,YR2013,Dominica,DMA,..,..,..,0.445404035111464,72005,..,..,..,68.97
2013,YR2013,Dominican Republic,DOM,30.5287174674908,63.0863691043095,6.38491342819971,1.23674755509542,10281408,14.8999996185303,9.89999961853027,22.5,77.082
2013,YR2013,Ecuador,ECU,29.6846841439593,63.9107694170195,6.40454643902119,1.55609791681243,15661312,4.19999980926514,3.20000004768372,5.59999990463257,63.298
2013,YR2013,"Egypt, Arab Rep.",EGY,32.648534149983,62.2403687067541,5.11109714326295,2.25432617430608,87613909,12.6999998092651,7.40000009536743,29.2999992370605,43.025
2013,YR2013,El Salvador,SLV,28.2954143132177,63.8850152816815,7.81957040510085,0.286321131098152,6089644,6.30000019073486,7.80000019073486,4.30000019073486,65.775
2013,YR2013,Equatorial Guinea,GNQ,39.5926642428257,57.5358620568524,2.87147370032193,2.97358762384424,797082,8,7.90000009536743,8.10000038146973,39.603
2013,YR2013,Eritrea,ERI,42.721728150461,54.740194893839,2.53807695569998,2.15538392978466,4998824,7.19999980926514,6.90000009536743,7.5,21.765
2013,YR2013,Estonia,EST,15.5972879815159,66.098632627552,18.3040793909322,-0.355891802625531,1317997,8.80000019073486,9.30000019073486,8.30000019073486,67.721
2013,YR2013,Ethiopia,ETH,42.6964226351862,53.8850044100801,3.41857295473376,2.5352557439287,94558374,5.69999980926514,2.90000009536743,8.80000019073486,18.59
2013,YR2013,Faeroe Islands,FRO,..,..,..,-0.208925969361939,48292,..,..,..,41.53
2013,YR2013,Fiji,FJI,28.8454003295903,65.7130656102816,5.44153406012809,0.721402613963012,880487,8.10000038146973,6.40000009536743,11.3999996185303,52.976
2013,YR2013,Finland,FIN,16.3333951334856,64.6166620912548,19.0499427752596,0.460723772785295,5438972,8.19999980926514,8.80000019073486,7.5,83.952
2013,YR2013,France,FRA,18.5105712033681,63.3063359273901,18.1830928692418,0.434040089300732,65925498,10.3999996185303,10.3999996185303,10.3999996185303,79.055
2013,YR2013,French Polynesia,PYF,22.5909251858971,70.2224984282751,7.18657638582774,1.08657826672362,276766,..,..,..,56.089
2013,YR2013,Gabon,GAB,37.4488214931248,57.3414988690285,5.20967963784673,2.25890775528716,1650351,19.6000003814697,14.3999996185303,25.6000003814697,86.658
2013,YR2013,"Gambia, The",GMB,46.4029250974086,51.2222544804749,2.3748204221165,3.25397395558142,1866878,7,6.59999990463257,7.40000009536743,58.373
2013,YR2013,Georgia,GEO,17.1373692142531,68.6675352037988,14.195095581948,-0.0779692395172614,4487200,14.3000001907349,15.1999998092651,13.1999998092651,53.309
2013,YR2013,Germany,DEU,13.0939021429933,65.9543364155197,20.951761441487,0.272900214681538,80645605,5.30000019073486,5.59999990463257,4.90000009536743,74.89
2013,YR2013,Ghana,GHA,38.9539279889584,57.5905909212934,3.4554810897481,2.39763573344552,26164432,4.59999990463257,4.30000019073486,4.80000019073486,52.735
2013,YR2013,Greece,GRC,14.6327453848717,65.0488405237589,20.3184140913694,-0.589703847034326,11027549,27.2999992370605,24.2999992370605,31.2999992370605,77.343
2013,YR2013,Greenland,GRL,..,..,..,-0.577265864735276,56483,..,..,..,85.633
2013,YR2013,Grenada,GRD,26.7653113255652,66.0799607184,7.15472795603483,0.403069928518479,105902,..,..,..,35.583
2013,YR2013,Guam,GUM,26.2334893805149,65.6815305139867,8.08498010549841,1.411308828934,165121,..,..,..,94.356
2013,YR2013,Guatemala,GTM,37.6074236655853,57.7102890848155,4.68228724959918,2.07372946279872,15690793,2.79999995231628,2,4,50.661
2013,YR2013,Guinea,GIN,42.9209858858593,54.0037239116538,3.07529020248686,2.71427198219394,11948726,1.79999995231628,2,1.5,36.209
2013,YR2013,Guinea-Bissau,GNB,41.1368372888185,55.7224873629732,3.14067534820828,2.44948673689376,1757138,7.09999990463257,6.80000019073486,7.40000009536743,47.747
2013,YR2013,Guyana,GUY,30.7639747553654,64.5191470015098,4.7168782431248,0.345258440834832,761033,11.1000003814697,9.5,14.1999998092651,28.382
2013,YR2013,Haiti,HTI,34.5956941493775,60.8588866012114,4.54541924941107,1.37473661903783,10431249,7,6.09999990463257,8,56.168
2013,YR2013,Honduras,HND,33.3498448667541,62.015293807831,4.63486132541493,1.44919601740131,7849059,4.19999980926514,3.40000009536743,5.69999980926514,53.537
2013,YR2013,"Hong Kong SAR, China",HKG,11.8124409367484,74.1443453523415,14.0432137109101,0.458789963936049,7187500,3.29999995231628,3.79999995231628,2.79999995231628,100
2013,YR2013,Hungary,HUN,14.5359764469913,68.1539748019725,17.3100487510362,-0.27536875707442,9893082,10.1999998092651,10.1000003814697,10.1999998092651,70.306
2013,YR2013,Iceland,ISL,20.5505974332497,66.4801224369376,12.9692801298127,0.945885900369151,323764,5.59999990463257,5.90000009536743,5.19999980926514,93.942
2013,YR2013,India,IND,29.6481255832664,64.970467570728,5.38140684600555,1.25119062623581,1279498874,3.59999990463257,3.5,4,31.994
2013,YR2013,Indonesia,IDN,28.2075796150247,66.7306974319353,5.06172295304005,1.29398294440884,251268276,6.30000019073486,5.59999990463257,7.30000019073486,52.252
2013,YR2013,"Iran, Islamic Rep.",IRN,23.4302918073432,71.6453120831103,4.9243961095465,1.2986599135366,77152445,13.1999998092651,11.6000003814697,20.1000003814697,72.32
2013,YR2013,Iraq,IRQ,41.3449751587384,55.5625257019261,3.09249913933547,3.00615945116853,33781385,16,14.3000001907349,24.1000003814697,69.262
2013,YR2013,Ireland,IRL,21.4831834559518,66.2473296836423,12.2694868604058,0.248160454124521,4598294,13.1000003814697,15,10.8000001907349,62.667
2013,YR2013,Isle of Man,IMY,..,..,..,0.793078976443591,86462,..,..,..,52.084
2013,YR2013,Israel,ISR,27.6666072297923,61.498400192995,10.8349925772127,1.86605289478673,8059500,6.30000019073486,6.19999980926514,6.30000019073486,92.012
2013,YR2013,Italy,ITA,13.8654581092325,64.5465331452692,21.5880087454983,1.1592511168095,60233948,12.1999998092651,11.6000003814697,13.1000003814697,68.686
2013,YR2013,Jamaica,JAM,24.8830328697919,66.3288277324333,8.78813939777478,0.255563077416377,2714734,15,11.3000001907349,19.5,54.336
2013,YR2013,Japan,JPN,13.0331493419961,61.9575243569782,25.0093263010257,-0.174866975766575,127338621,4,4.30000019073486,3.70000004768372,92.491
2013,YR2013,Jordan,JOR,36.10158905987,60.1327238111712,3.76568712895878,2.22266154146171,6460000,12.6000003814697,10.5,22.1000003814697,83.211
2013,YR2013,Kazakhstan,KAZ,25.525929167944,67.710791853772,6.76327897828399,1.44178547815293,17035275,5.19999980926514,4.09999990463257,6.30000019073486,53.361
2013,YR2013,Kenya,KEN,42.2938693376617,54.9865297278062,2.71960093453211,2.66703706290682,43692881,9.19999980926514,8.10000038146973,10.5,24.78
2013,YR2013,Kiribati,KIR,35.3561689268868,61.0333136792453,3.61051739386793,1.78845093347681,108544,..,..,..,44.055
2013,YR2013,"Korea, Dem. Rep.",PRK,21.6915809373545,68.8496349069046,9.45878415574093,0.533043995247782,24895705,4.59999990463257,5.09999990463257,4,60.569
2013,YR2013,"Korea, Rep.",KOR,14.7367644145188,73.0162279768015,12.2470076086797,0.429494122423308,50219669,3.09999990463257,3.29999995231628,2.79999995231628,82.249
2013,YR2013,Kosovo,KSV,..,..,..,0.712996114943488,1818117,..,..,..,..
2013,YR2013,Kuwait,KWT,22.7580071619998,75.3295012450994,1.91249159290077,4.96612225573197,3593689,3.09999990463257,3.29999995231628,2.40000009536743,98.31
2013,YR2013,Kyrgyz Republic,KGZ,30.6688064705106,65.051104321877,4.28008920761237,1.98473866725772,5719600,8,7.19999980926514,9.19999980926514,35.483
2013,YR2013,Lao PDR,LAO,35.5192906974712,60.7365062382361,3.7442030642927,1.63850617721938,6579985,1.39999997615814,1.70000004768372,1.20000004768372,36.469
2013,YR2013,Latvia,LVA,14.3905357090489,66.4756491142263,19.1338151767248,-1.07103480329077,2012647,11.1000003814697,11.8000001907349,10.5,67.476
2013,YR2013,Lebanon,LBN,23.9074028889784,67.9178890067884,8.17470810423323,1.1799783345826,4493438,6.5,5.09999990463257,11,87.548
2013,YR2013,Lesotho,LSO,36.6141942074668,59.1885211234813,4.19728466905194,1.242893485768,2083061,24.7000007629395,21.7000007629395,28.2999992370605,26.271
2013,YR2013,Liberia,LBR,42.8800202715984,54.083432160481,3.03654756792057,2.44092428015426,4293692,3.70000004768372,3.59999990463257,3.79999995231628,48.921
2013,YR2013,Libya,LBY,29.5071311191677,66.0994828109283,4.39338606990407,-0.277559485854916,6265987,19.6000003814697,15.3000001907349,30.2000007629395,78.17
2013,YR2013,Liechtenstein,LIE,..,..,..,0.674515973143438,37040,..,..,..,14.33
2013,YR2013,Lithuania,LTU,14.4343260870299,67.180892162453,18.3847817505171,-1.01200736818103,2957689,11.8000001907349,13.1000003814697,10.5,66.554
2013,YR2013,Luxembourg,LUX,16.9081549317746,69.1544087284473,13.9374363397781,2.31117625275217,543360,5.90000009536743,5.30000019073486,6.59999990463257,89.568
2013,YR2013,"Macao SAR, China",MAC,12.6230512484685,79.2578548593801,8.11909389215148,1.82858644359416,568056,1.79999995231628,1.89999997615814,1.70000004768372,100
2013,YR2013,"Macedonia, FYR",MKD,17.3302073829108,70.8791084189809,11.7906841981083,0.158046762675986,2072543,29,29,28.8999996185303,56.981
2013,YR2013,Madagascar,MDG,42.3893120377419,54.7937480318595,2.81693993039866,2.79036696180651,22924557,3.59999990463257,2.5,4.59999990463257,33.832
2013,YR2013,Malawi,MWI,45.5914487632771,51.0369777233358,3.37157351338711,3.07130675717997,16190126,7.59999990463257,6.30000019073486,8.80000019073486,15.944
2013,YR2013,Malaysia,MYS,25.4917840507834,69.0824368346682,5.42577911454843,1.51636476890444,29465372,3.20000004768372,3.09999990463257,3.40000009536743,73.284
2013,YR2013,Maldives,MDV,27.715736618904,67.5091352877011,4.77512809339496,1.80885712705382,351111,11.6000003814697,6.69999980926514,18.2999992370605,43.416
2013,YR2013,Mali,MLI,47.5117461041844,49.885731743251,2.60252215256456,2.93414940731647,16592097,8.19999980926514,6.30000019073486,11.3000001907349,38.363
2013,YR2013,Malta,MLT,15.125723760459,66.8674279598893,18.0068482796517,0.929969956972739,423374,6.5,6.5,6.5,95.139
2013,YR2013,Marshall Islands,MHL,..,..,..,0.233288235609601,52786,..,..,..,72.159
2013,YR2013,Mauritania,MRT,40.4789030037049,56.3395567518548,3.18154024444029,2.50000241863674,3872684,31,32.0999984741211,28,58.636
2013,YR2013,Mauritius,MUS,20.3206812498021,70.9622811738263,8.71703757637151,0.220398691741504,1258653,8.30000019073486,5.19999980926514,13.5,39.979
2013,YR2013,Mexico,MEX,28.5316315666087,65.2878049428581,6.18056349053321,1.35809314149312,123740109,4.90000009536743,4.90000009536743,5,78.691
2013,YR2013,"Micronesia, Fed. Sts.",FSM,35.1038392564454,60.8177944040571,4.07836633949749,0.194948767070195,103718,..,..,..,22.342
2013,YR2013,Moldova,MDA,15.8842520608958,74.1557703854517,9.95997755365251,-0.0267768650049581,3558566,5.09999990463257,6.19999980926514,3.90000009536743,44.879
2013,YR2013,Monaco,MCO,..,..,..,0.330967045295634,37528,..,..,..,100
2013,YR2013,Mongolia,MNG,27.5901361721952,68.4720482209197,3.93781560688506,1.79395665565325,2859174,4.90000009536743,4.90000009536743,4.80000019073486,70.366
2013,YR2013,Montenegro,MNE,19.1134847145913,67.7612031095913,13.1253121758174,0.097599636675676,621207,19.7999992370605,19,20.7999992370605,63.643
2013,YR2013,Morocco,MAR,27.4541093650895,66.5031531399302,6.04273749498022,1.41037265474395,33452686,9.19999980926514,9,9.80000019073486,59.2
2013,YR2013,Mozambique,MOZ,45.6808923353376,50.9924140010383,3.32669366362416,2.81340579196546,26467180,8.30000019073486,7.19999980926514,9.30000019073486,31.669
2013,YR2013,Myanmar,MMR,28.5259979983704,66.3080371182687,5.16596488336092,0.833886599800797,52983829,3.40000009536743,3.09999990463257,3.70000004768372,33.007
2013,YR2013,Namibia,NAM,37.1508553681254,59.3659230066411,3.48322162523353,2.36941625194379,2346592,16.8999996185303,15.1999998092651,18.7000007629395,44.679
2013,YR2013,Nepal,NPL,34.4402570276588,60.3024230553633,5.25731991697785,1.20888072714817,27834981,2.70000004768372,3,2.40000009536743,17.877
2013,YR2013,Netherlands,NLD,16.851969435469,66.0065106179923,17.1415199465387,0.294820793441482,16804432,6.69999980926514,7.09999990463257,6.19999980926514,89.271
2013,YR2013,New Caledonia,NCL,22.6764610699762,67.4281503316139,9.89538859840997,1.53849188394795,262000,..,..,..,69.096
2013,YR2013,New Zealand,NZL,20.3898706373357,65.5930114958179,14.0171178668463,0.768347998194806,4442100,6.19999980926514,5.59999990463257,6.90000009536743,86.223
2013,YR2013,Nicaragua,NIC,31.0597872796329,64.06059156566,4.87962115470716,1.16069741028073,5945646,7.19999980926514,7,7.5,58.146
2013,YR2013,Niger,NER,50.3357370224943,47.1010323460663,2.56323063143944,4.01825488304625,18358863,5.09999990463257,5.30000019073486,4.5,18.22
2013,YR2013,Nigeria,NGA,44.095847042213,53.1468059849858,2.75734697280122,2.68365095136726,172816517,7.5,7.59999990463257,7.40000009536743,46.094
2013,YR2013,Northern Mariana Islands,MNP,..,..,..,1.03562124657119,53869,..,..,..,89.313
2013,YR2013,Norway,NOR,18.2481975823506,66.0604904149741,15.6913120026754,1.20914158930136,5079623,3.5,3.70000004768372,3.29999995231628,79.939
2013,YR2013,Oman,OMN,21.9448761579478,75.5243783325552,2.53074550949702,9.71549728365244,3906912,7.90000009536743,6.69999980926514,15.3000001907349,76.699
2013,YR2013,Pakistan,PAK,35.4266259790698,60.0907445217175,4.48262949921268,2.11974141846723,181192646,5.09999990463257,4,9.30000019073486,37.86
2013,YR2013,Palau,PLW,..,..,..,0.782247540149012,20919,..,..,..,85.776
2013,YR2013,Panama,PAN,27.8157166532262,64.9176507869941,7.26663255977968,1.64047547546742,3805683,4.09999990463257,3.40000009536743,5.09999990463257,65.994
2013,YR2013,Papua New Guinea,PNG,37.945992701465,59.1345796008792,2.91942769765588,2.12946143976865,7308864,2.09999990463257,1.70000004768372,2.59999990463257,12.977
2013,YR2013,Paraguay,PRY,31.0951736007519,63.1960281294944,5.70879826975368,1.34697463811115,6465669,5.19999980926514,4.30000019073486,6.5,59.174
2013,YR2013,Peru,PER,28.4441546620219,65.0129962050957,6.54284913288237,1.33949524787227,30565461,3.90000009536743,3.59999990463257,4.19999980926514,77.954
2013,YR2013,Philippines,PHL,32.5281826664533,63.0677380185619,4.40407931498481,1.60586336924696,97571676,7.09999990463257,7.19999980926514,6.90000009536743,44.633
2013,YR2013,Poland,POL,14.8794477742362,70.5839409707702,14.5366112549936,-0.0603600174744649,38040196,10.3999996185303,9.69999980926514,11.1000003814697,60.617
2013,YR2013,Portugal,PRT,14.4076856388835,65.6437803856242,19.9485339754923,-0.548815210952228,10457295,16.5,16.3999996185303,16.6000003814697,62.338
2013,YR2013,Puerto Rico,PRI,19.4953870531847,66.6090878127649,13.8955251340504,-1.28327900999816,3595839,14.1999998092651,16,11.8000001907349,93.676
2013,YR2013,Qatar,QAT,14.8691659591641,84.0098073181782,1.12102672265772,4.16216651728477,2101288,0.5,0.200000002980232,3.40000009536743,99.061
2013,YR2013,Romania,ROM,15.6760050930166,67.7456783598276,16.5783165471558,-0.371323062878035,19983693,7.30000019073486,7.90000009536743,6.59999990463257,54.235
2013,YR2013,Russian Federation,RUS,15.8919296689753,70.9462052448891,13.1618650861356,0.212923595008292,143506911,5.59999990463257,5.90000009536743,5.19999980926514,73.851
2013,YR2013,Rwanda,RWA,41.8098869886926,55.474303118,2.71580989330747,2.3818408528686,11078095,0.600000023841858,0.800000011920929,0.400000005960464,26.869
2013,YR2013,Samoa,WSM,37.7509322968643,57.1085666263984,5.14050107673722,0.785153166988665,190390,..,..,..,19.44
2013,YR2013,San Marino,SMR,..,..,..,0.700097164450362,31391,..,..,..,94.144
2013,YR2013,Sao Tome and Principe,STP,42.9923349379887,53.6982005197767,3.30946454223461,2.16263589606788,182386,..,..,..,63.902
2013,YR2013,Saudi Arabia,SAU,29.1275492366143,68.1098647858315,2.76258597755422,2.36204707328032,30201051,5.69999980926514,2.90000009536743,21.2999992370605,82.719
2013,YR2013,Senegal,SEN,43.762183091941,53.2435354064446,2.99428150161441,3.14965254462931,14221041,10.3000001907349,7.90000009536743,13.1999998092651,43.079
2013,YR2013,Serbia,SRB,16.6633343048837,67.1592893174402,16.1773763776761,-0.486591387059998,7164132,22.2000007629395,19.2000007629395,26,55.373
2013,YR2013,Seychelles,SYC,23.047839100982,70.081394738224,6.87076616079399,1.79238593598628,89900,..,..,..,53.231
2013,YR2013,Sierra Leone,SLE,42.9376685889741,54.3947838913301,2.66754751969579,2.22070690768582,6178859,3.20000004768372,4.30000019073486,2.09999990463257,39.226
2013,YR2013,Singapore,SGP,16.2282801009212,73.3174357341496,10.4542841649292,1.62070839031011,5399200,2.79999995231628,2.59999990463257,3,100
2013,YR2013,Sint Maarten (Dutch part),SXM,..,..,..,5.52303952564313,36607,..,..,..,100
2013,YR2013,Slovak Republic,SVK,15.0518296868518,71.8250995333704,13.1230707797777,0.107458009492367,5413393,14.1999998092651,13.8999996185303,14.5,53.945
2013,YR2013,Slovenia,SVN,14.4167115858581,68.2398311910148,17.3434572231271,0.135726228915631,2059953,10.1999998092651,9.39999961853027,11.1999998092651,49.764
2013,YR2013,Solomon Islands,SLB,40.1136110293659,56.5185442806567,3.36784468997745,2.07657705492122,560685,3.79999995231628,3.5,4.30000019073486,21.421
2013,YR2013,Somalia,SOM,47.1662441468318,50.001455957481,2.83229989568722,2.3105102358144,10268157,6.90000009536743,6.69999980926514,7.40000009536743,38.612
2013,YR2013,South Africa,ZAF,29.923211711174,65.0497469803821,5.02704130844397,1.54657357912275,53157490,24.8999996185303,22.2999992370605,28,63.788
2013,YR2013,South Sudan,SSD,42.6979843388357,53.8609685336146,3.44104712754969,4.2190251744415,11453810,..,..,..,18.39
2013,YR2013,Spain,ESP,14.854689025631,67.0554917652533,18.0898192091157,-0.327669039579687,46620045,26.6000003814697,26,27.2999992370605,79.129
2013,YR2013,Sri Lanka,LKA,24.9843496909822,66.5258224129578,8.48982789606002,0.75960278006556,20483000,4.19999980926514,3.09999990463257,6.59999990463257,18.3
2013,YR2013,St. Kitts and Nevis,KNA,..,..,..,1.20611738998676,54301,..,..,..,31.892
2013,YR2013,St. Lucia,LCA,23.9560077891446,67.2757192616769,8.76827294917857,0.779199691256008,182305,..,..,..,18.459
2013,YR2013,St. Martin (French part),MAF,..,..,..,0.980352740209572,31264,..,..,..,..
2013,YR2013,St. Vincent and the Grenadines,VCT,25.2435354486998,67.7289233217778,7.02754122952244,-0.00640260494773755,109327,..,..,..,49.848
2013,YR2013,Sudan,SDN,41.1824974078345,55.5628020650085,3.25470052715695,2.10607592029854,38515095,15.1999998092651,13,20.3999996185303,33.46
2013,YR2013,Suriname,SUR,27.4964851438748,65.7791733058394,6.72434155028587,0.92563173544044,533450,7.80000019073486,6.09999990463257,10.6999998092651,66.14
2013,YR2013,Swaziland,SWZ,37.8573067730868,58.6553615306071,3.48733169630613,1.52657622398524,1250641,22.5,20.5,25.6000003814697,21.337
2013,YR2013,Sweden,SWE,16.8251084993974,63.9237542427995,19.2511372578031,0.847348652246305,9600379,8.10000038146973,8.19999980926514,7.90000009536743,85.514
2013,YR2013,Switzerland,CHE,14.7913482410218,67.6099394498073,17.5987123091709,1.14987975781229,8089346,4.40000009536743,4.30000019073486,4.5,73.787
2013,YR2013,Syrian Arab Republic,SYR,36.5809443898135,59.6028648949962,3.81619071519024,1.67652585622911,21789415,10.8000001907349,7.69999980926514,28.3999996185303,56.855
2013,YR2013,Tajikistan,TJK,35.0446147348572,61.8277309836642,3.12765428147853,2.25612008540331,8111894,10.6999998092651,11.5,9.60000038146973,26.621
2013,YR2013,Tanzania,TZA,45.2256971671956,51.5936753767023,3.18062745610206,3.17194551998437,50213457,3.5,2.40000009536743,4.5,30.196
2013,YR2013,Thailand,THA,18.2373960922573,72.0218782044358,9.74072570330689,0.426833945864268,67451422,0.699999988079071,0.800000011920929,0.699999988079071,47.943
2013,YR2013,Timor-Leste,TMP,41.9081478595432,52.8139624462617,5.27788969419514,2.67174666705551,1180069,4.40000009536743,3.59999990463257,6.09999990463257,31.485
2013,YR2013,Togo,TGO,42.5786209543207,54.6722994539106,2.7490795917687,2.67873238004005,6928719,6.90000009536743,6.59999990463257,7.19999980926514,38.979
2013,YR2013,Tonga,TON,37.1470149040794,56.9664919772872,5.88649311863343,0.352535761572783,105139,..,..,..,23.56
2013,YR2013,Trinidad and Tobago,TTO,20.7555776419629,70.3109238711209,8.93349848691627,0.495275973297371,1348240,5.80000019073486,4.5,7.5,8.666
2013,YR2013,Tunisia,TUN,23.2326758501454,69.3245758154906,7.442748334364,1.0062861871084,10886500,13.3000001907349,12.3999996185303,15.5,66.456
2013,YR2013,Turkey,TUR,26.1781125406516,66.5474643633847,7.2744230959637,1.2218652681796,75010202,10,9.10000038146973,11.8999996185303,72.37
2013,YR2013,Turkmenistan,TKM,28.4842544629021,67.4315202340113,4.08422530308651,1.2896906502786,5240088,10.6000003814697,10.5,10.6999998092651,49.35
2013,YR2013,Turks and Caicos Islands,TCA,..,..,..,2.05399923978253,33103,..,..,..,91.482
2013,YR2013,Tuvalu,TUV,..,..,..,0.162140286838908,9876,..,..,..,57.814
2013,YR2013,Uganda,UGA,48.5307800450639,48.9600511978833,2.50916875705277,3.25915106610553,36573387,3.79999995231628,3.20000004768372,4.5,15.437
2013,YR2013,Ukraine,UKR,14.3826052312697,70.2280146549077,15.3893801138226,-0.227704749863191,45489600,7.90000009536743,9,6.69999980926514,69.274
2013,YR2013,United Arab Emirates,ARE,13.7180864820689,85.3400528187126,0.941860699218512,0.971922646638357,9039978,3.79999995231628,2.79999995231628,8.80000019073486,84.981
2013,YR2013,United Kingdom,GBR,17.7066330992409,65.1381846552613,17.1551822454978,0.636084282188556,64106779,7.5,7.90000009536743,7,82.092
2013,YR2013,United States,USA,19.1898956737222,66.8130988341311,13.9970054921467,0.756558207855926,316497531,7.40000009536743,7.69999980926514,7.09999990463257,81.277
2013,YR2013,Uruguay,URY,21.8240834937172,63.9434220205641,14.2324944857186,0.329653736248716,3407969,6.59999990463257,5.09999990463257,8.39999961853027,94.983
2013,YR2013,Uzbekistan,UZB,28.591171376955,66.8004196965002,4.60840892654488,1.56190433294848,30243200,10.6999998092651,10.5,10.8999996185303,36.217
2013,YR2013,Vanuatu,VUT,37.1718049493413,58.783797128355,4.04439792230364,2.26389488995611,253165,..,..,..,25.508
2013,YR2013,"Venezuela, RB",VEN,28.7143746813694,65.3445124685209,5.94111285010971,1.40299994613106,30276045,7.5,7,8.19999980926514,88.894
2013,YR2013,Vietnam,VNM,23.1296067602236,70.3134487982502,6.55694444152619,1.04885605227716,89708900,2,1.79999995231628,2.20000004768372,32.309
2013,YR2013,Virgin Islands (U.S.),VIR,20.4443983949664,63.477007704915,16.0785939001187,-0.512352795934189,104737,..,..,..,95.064
2013,YR2013,West Bank and Gaza,WBG,40.9847270728991,56.142429930148,2.87284299695294,2.9846160535681,4169506,23.3999996185303,23.7999992370605,21.2999992370605,74.8
2013,YR2013,"Yemen, Rep.",YEM,41.0669129549951,56.2637367629782,2.66935028202674,2.58037517078318,25533217,17.3999996185303,9.89999961853027,38.7999992370605,33.45
2013,YR2013,Zambia,ZMB,46.2614535953687,50.8152518620189,2.92329454261245,3.06027340843856,15246086,13.3000001907349,14.8999996185303,11.3999996185303,40.027
2013,YR2013,Zimbabwe,ZWE,41.5451320880553,55.4017185556379,3.05314935630683,2.25786681654895,14898092,5.40000009536743,5.30000019073486,5.40000009536743,32.654
,,,,,,,,,,,,
,,,,,,,,,,,,
,,,,,,,,,,,,
Data from database: Jobs,,,,,,,,,,,,
Last Updated: 10/15/2015,,,,,,,,,,,,
